{"fgsm": {"initial": 94.43999481201172, "attacked": 74.58999633789062}}