{"fgsm": {"initial": 98.6199951171875, "attacked": 38.5099983215332}}